{
  "created_utc": "2026-03-04T06:50:38.276100+00:00",
  "N": 3,
  "feature_dim": 2048,
  "batch_size": 128,
  "tensor_checks": {
    "x_raw": {
      "global_mean": -0.003243671264499426,
      "global_std": 2.2062110900878906,
      "per_dim_std_min": 1.572379231452942,
      "per_dim_std_max": 2.7022857666015625
    },
    "x_standardized": {
      "global_mean": -9.313225746154785e-10,
      "global_std": 0.9999999403953552,
      "per_dim_std_min": 0.9999995827674866,
      "per_dim_std_max": 1.0000003576278687
    }
  },
  "label_checks": {
    "theta_mf": {
      "mean": 55.36085171252489,
      "std": 24.208228322595712,
      "min": 10.242210388183594,
      "max": 98.65438079833984,
      "q05": 19.987965297698974,
      "q50": 55.487308502197266,
      "q95": 94.041251373291
    },
    "theta_chi": {
      "mean": 0.5044830206461484,
      "std": 0.29510290290866537,
      "min": 0.018168209120631218,
      "max": 0.9947333335876465,
      "q05": 0.04104705061763526,
      "q50": 0.5319913625717163,
      "q95": 0.9309190660715103
    },
    "amp_linear": {
      "mean": 2.534448351928799e-19,
      "std": 1.4487333458457608e-19,
      "min": 7.005285843301925e-22,
      "max": 4.992911012531151e-19,
      "q05": 3.181971673294204e-20,
      "q50": 2.6449249210423883e-19,
      "q95": 4.71873291550767e-19
    },
    "amp_log10": {
      "mean": -18.727161688599907,
      "std": 0.4329496920015478,
      "min": -21.154574139088275,
      "max": -18.301646174203466,
      "q05": -19.497707120104767,
      "q50": -18.577586736665594,
      "q95": -18.326174654122706
    }
  },
  "snr_checks": {
    "target": 42.3,
    "observation_signal_snr": 40.1895317437353,
    "snr_conditioning_enabled": true,
    "snr_batch_size": 32,
    "simulated_signal_snr_before": {
      "mean": 3421.079166873068,
      "std": 1689.448577457067,
      "min": 375.2959510067662,
      "max": 7523.340130326283,
      "q05": 1027.1393518881678,
      "q50": 3297.7464669060982,
      "q95": 6410.859618781985
    },
    "simulated_signal_snr_after": {
      "mean": 42.3,
      "std": 2.175583928816829e-15,
      "min": 42.29999999999999,
      "max": 42.3,
      "q05": 42.29999999999999,
      "q50": 42.3,
      "q95": 42.3
    },
    "snr_target_samples": {
      "mean": 42.3,
      "std": 0.0,
      "min": 42.3,
      "max": 42.3,
      "q05": 42.3,
      "q50": 42.3,
      "q95": 42.3
    },
    "snr_scale_samples": {
      "mean": 0.018769088627345408,
      "std": 0.019346774097890363,
      "min": 0.005622502673977266,
      "max": 0.11271104813821285,
      "q05": 0.006612540265891864,
      "q50": 0.012827113006371925,
      "q95": 0.04175906873833232
    },
    "snr_report_json": {
      "created_utc": "2026-02-28T16:11:49.207534+00:00",
      "simulation": "SXS:BBH:0305",
      "sxs_lev": 6,
      "snr_postpeak": 40.1895317437353,
      "snr_target": 42.3,
      "snr_abs_error": 2.1104682562646957,
      "fmin": 154.68,
      "Mf_total": 72.0,
      "D": "400.0Mpc",
      "psd": "aligo_design",
      "psd_file": "data/psd/ZERO_DET_high_P.txt",
      "delta_t0_ms": 0.0,
      "peak_times": {
        "t_peak_sec": 1.3095431191039153,
        "t_h_peak_sec": 1.3090821535458315,
        "t_h_minus_t_peak_ms": -0.46096555808383677
      },
      "postpeak_duration_ms": 54.19921875,
      "sample_rate_hz": 4096.0,
      "n_samples": 223,
      "truth_parameters": {
        "Mf_msun": 68.5,
        "chi_f": 0.69
      },
      "remnant_from_sxs_metadata": {
        "remnant_mass": 0.9520329397043087,
        "remnant_dimensionless_spin": [
          5.253958683511938e-08,
          -2.4567336559285058e-08,
          0.6920851868170271
        ]
      },
      "files": {
        "injection_npz": "data/injection/d_obs.npz",
        "peak_plot": "outputs/diagnostics/peak_alignment.png",
        "psd_file": "data/psd/ZERO_DET_high_P.txt"
      }
    }
  },
  "micro_overfit": {
    "ok": true,
    "train_loss_first": -59.975032806396484,
    "train_loss_last": -70.359130859375,
    "posterior_std_mf": 0.0,
    "posterior_std_chi": 1.1920928955078125e-07
  },
  "pass_flags": {
    "x_not_collapsed": true,
    "theta_not_collapsed": true,
    "x_standardized_close_to_unit": true,
    "injection_snr_close_to_target": true,
    "simulated_snr_scale_reasonable": true,
    "micro_overfit_ok": true,
    "micro_overfit_loss_decrease": true,
    "micro_overfit_posterior_contract": true
  },
  "pass_all": true
}